{
  "frontend/eslint.config.js": 1776012571.5545874,
  "frontend/vite.config.ts": 1776012865.5270379,
  "frontend/src/App.tsx": 1776335543.8287425,
  "frontend/src/main.tsx": 1776012571.5568519,
  "frontend/src/types/backtest.ts": 1776076712.6687098,
  "frontend/src/types/signals.ts": 1776333442.3611736,
  "frontend/src/components/WatchingCard/MiniChart.tsx": 1776188734.1843452,
  "frontend/src/components/WatchingCard/WatchingCard.tsx": 1776443811.681297,
  "frontend/src/components/RejectedCard/RejectedCard.tsx": 1776333446.35592,
  "frontend/src/components/ConfirmedCard/ConfirmedCard.tsx": 1776443809.671827,
  "frontend/src/hooks/useAnalysisSessions.ts": 1776256423.424854,
  "frontend/src/hooks/useSSE.ts": 1776061426.63629,
  "frontend/src/api/client.ts": 1776336369.573309,
  "frontend/src/pages/Backtest/MetricsSummary.tsx": 1776076811.1565857,
  "frontend/src/pages/Backtest/EquityCurve.tsx": 1776076838.1368072,
  "frontend/src/pages/Backtest/Backtest.tsx": 1776076754.821824,
  "frontend/src/pages/Backtest/ConfigPanel.tsx": 1776076786.997311,
  "frontend/src/pages/Backtest/TradeChart.tsx": 1776076888.776164,
  "frontend/src/pages/Backtest/TradeLog.tsx": 1776076928.7406757,
  "frontend/src/pages/SignalFeed/SessionPanel.tsx": 1776194457.42344,
  "frontend/src/pages/SignalFeed/SignalFeed.tsx": 1776333474.893229,
  "frontend/src/pages/SignalFeed/WatchingTab.tsx": 1776061672.207442,
  "frontend/src/pages/SignalFeed/RejectedTab.tsx": 1776333447.645197,
  "frontend/src/pages/SignalFeed/ConfirmedTab.tsx": 1776170687.2548857,
  "frontend/src/pages/LLMPrompts/LLMPrompts.tsx": 1776336410.7482731,
  "frontend/src/pages/HistoricalData/HistoricalData.tsx": 1776012768.0610275,
  "frontend/src/pages/HistoricalData/components/DatasetTable.tsx": 1776012823.320302,
  "frontend/src/pages/HistoricalData/components/BinanceImportForm.tsx": 1776012770.224595,
  "frontend/src/pages/HistoricalData/components/CSVUploadForm.tsx": 1776012792.658895,
  "backend/test_telegram.py": 1776074556.1923535,
  "backend/fix_db.py": 1776074307.8262808,
  "backend/run.py": 1776013689.1257932,
  "backend/app/__init__.py": 1776508484.4152853,
  "backend/app/blueprints/indicators_bp.py": 1776017087.2756462,
  "backend/app/blueprints/sr_zones_bp.py": 1776508490.0105588,
  "backend/app/blueprints/strategies_bp.py": 1776270016.079096,
  "backend/app/blueprints/signals_bp.py": 1776335493.9628253,
  "backend/app/blueprints/backtest_bp.py": 1776076688.120692,
  "backend/app/blueprints/data.py": 1776012504.0650826,
  "backend/app/core/llm_queue.py": 1776578913.7703261,
  "backend/app/core/strategy_runner.py": 1776512373.45733,
  "backend/app/core/watching.py": 1776060783.3248513,
  "backend/app/core/scanner.py": 1776512406.286271,
  "backend/app/core/config.py": 1776508246.0649867,
  "backend/app/core/telegram_queue.py": 1776194245.3596957,
  "backend/app/core/base_strategy.py": 1776536533.3682218,
  "backend/app/core/sr_engine.py": 1776508365.2036576,
  "backend/app/core/backtest_engine.py": 1776259680.7946832,
  "backend/app/core/indicators.py": 1776536533.3684497,
  "backend/app/core/sse.py": 1776060460.8173945,
  "backend/app/core/fractals.py": 1776276215.2534125,
  "backend/app/core/llm_client.py": 1776497072.8808484,
  "backend/app/core/strategy_loader.py": 1776503279.4079878,
  "backend/app/core/outcome_tracker.py": 1776189494.9956975,
  "backend/app/core/scheduler.py": 1776508417.588625,
  "backend/app/core/telegram_client.py": 1776070495.4513288,
  "backend/app/core/telegram_formatter.py": 1776194224.9618583,
  "backend/app/core/llm_providers/openai_compatible.py": 1776535814.7907097,
  "backend/app/core/llm_providers/__init__.py": 1776496999.064169,
  "backend/app/core/llm_providers/factory.py": 1776535339.5122237,
  "backend/app/core/llm_providers/base.py": 1776497008.5439007,
  "backend/app/strategies/smc_liquidity_sweep.py": 1776534480.693406,
  "backend/app/strategies/volume_climax.py": 1776512561.2633939,
  "backend/app/strategies/fvg_mitigation.py": 1776512561.2637055,
  "backend/app/strategies/__init__.py": 1776274048.7239363,
  "backend/app/strategies/order_block_retest.py": 1776512561.2639685,
  "backend/app/strategies/smc_structure_shift.py": 1776512561.264565,
  "backend/app/strategies/trend_pullback_confluence.py": 1776512561.2655044,
  "backend/app/strategies/sr_rejection.py": 1776512561.2658606,
  "backend/app/strategies/fibonacci_retracement.py": 1776512561.2663221,
  "backend/app/strategies/rsi_reversal.py": 1776512561.267599,
  "backend/app/strategies/macd_momentum.py": 1776512561.2680073,
  "backend/app/strategies/bollinger_squeeze.py": 1776536533.3691435,
  "backend/app/strategies/ema_crossover.py": 1776530544.0326493,
  "backend/app/strategies/sr_breakout.py": 1776512561.2686458,
  "backend/app/utils/csv_parser.py": 1776012502.0368347,
  "backend/app/utils/binance.py": 1776062875.5310931,
  "backend/app/models/db.py": 1776335285.0017302,
  "backend/tests/test_strategy_loader.py": 1776274062.6594439,
  "backend/tests/test_llm.py": 1776254589.9537303,
  "backend/tests/test_sse.py": 1776060570.9763777,
  "backend/tests/test_scanner.py": 1776245657.1907187,
  "backend/tests/test_watching.py": 1776061144.7887642,
  "backend/tests/test_base_strategy.py": 1776245638.911691,
  "backend/tests/test_binance_ws.py": 1776062877.548785,
  "backend/tests/test_strategy_runner.py": 1776245849.3598726,
  "backend/tests/test_indicators.py": 1776017222.5785491,
  "backend/tests/test_backtest_engine.py": 1776245789.4482007,
  "backend/tests/test_sr_engine.py": 1776017358.6277058,
  "backend/tests/test_strategies.py": 1776274315.038472,
  "backend/scripts/test_llm.py": 1776499701.2976363,
  "backend/scripts/queue_watching_setups.py": 1776499807.0289435,
  "backend/scripts/run_comprehensive_backtest.py": 1776367710.7560756,
  "README.md": 1776002708.2897353,
  "frontend/index.html": 1776012588.554852,
  "frontend/README.md": 1776012571.5542219,
  "docs/backlog.md": 1776016851.3899577,
  "docs/fixes/implementation_plan_ema_crossover_fix.md": 1776511960.7804754,
  "docs/logic/strategy_engine.md": 1776058712.2286527,
  "docs/logic/api_endpoints.md": 1776019001.9635036,
  "docs/logic/indicators.md": 1776019015.4036803,
  "docs/logic/sr_engine.md": 1776508805.54439,
  "docs/logic/live_analysis.md": 1776508835.2436497,
  "docs/logic/llm_providers.md": 1776535351.1140656,
  "docs/logic/data_ingestion.md": 1776018992.6404188,
  "docs/knowledge_base/strategies_fixes.md": 1776506391.3448048,
  "docs/phases/phase-1-project-foundation.md": 1776012812.6998456,
  "docs/phases/phase-7-backtesting-engine.md": 1776003624.1671262,
  "docs/phases/phase-9-polish-and-hardening.md": 1776003628.2879026,
  "docs/phases/phase-4-live-analysis-engine.md": 1776003617.1215916,
  "docs/phases/phase-6-telegram-notifications.md": 1776003621.9745982,
  "docs/phases/phase-2-indicator-engine.md": 1776003611.9071949,
  "docs/phases/phase-3-strategy-engine.md": 1776003614.363199,
  "docs/phases/phase-8-strategy-ide.md": 1776003626.2758653,
  "docs/phases/phase-5-llm-confirmation.md": 1776063840.414978,
  "docs/walkthroughs/walkthrough-phase-5.md": 1776064133.9224265,
  "docs/walkthroughs/walkthrough-phase-4.md": 1776061956.5681198,
  "docs/walkthroughs/walkthrough-phase-7.md": 1776077104.8609014,
  "docs/walkthroughs/walkthrough-phase-3.md": 1776058821.3590322,
  "frontend/public/icons.svg": 1776012571.5554116,
  "frontend/public/favicon.svg": 1776012571.5552099,
  "frontend/src/assets/hero.png": 1776012571.5562816,
  "frontend/src/assets/vite.svg": 1776012571.556573,
  "frontend/src/assets/react.svg": 1776012571.5564406
}